,Movie,Year,Male Protagonists,Male Cast,Male Death,Female Protagonists,Female Cast,Female Death,Black Protagonists,Black Cast,Black Death,Asian Cast,Asian Protagonists,Asian Death,Gender Villain,Villain Race
0,Friday the 13th,1980,2,14.0,5,1,9.0,4,0.0,0.0,0.0,0.0,0.0,0.0,Female,White
1,Friday the 13th Part 2 ,1981,1,5.0,5,1,4.0,4,0.0,1.0,1.0,0.0,0.0,0.0,Male,White
2,Friday the 13th Part 3,1982,0,4.0,7,1,3.0,5,0.0,1.0,0.0,0.0,0.0,0.0,Male,White
3,Friday the 13th: The Final Chapter,1984,1,6.0,6,1,3.0,7,0.0,0.0,0.0,0.0,0.0,0.0,Male,White
4,Friday the 13th: A New Beginning,1985,1,6.0,15,1,5.0,7,0.0,1.0,1.0,0.0,0.0,0.0,Male,White
5,Friday the 13th Part VI: Jason Lives,1986,6,15.0,12,1,6.0,6,0.0,1.0,1.0,0.0,0.0,0.0,Male,White
6,Friday the 13th Part VII: The New Blood,1988,2,8.0,8,1,6.0,8,0.0,1.0,1.0,0.0,0.0,0.0,Male,White
7,Friday the 13th Part VIII: Jason Takes Manhattan,1989,2,12.0,15,1,6.0,5,0.0,2.0,1.0,1.0,0.0,1.0,Male,White
8,Jason Goes to Hell: The Final Friday,1993,1,11.0,17,1,6.0,7,0.0,2.0,1.0,1.0,0.0,0.0,Male,White
9,Jason X,2001,1,9.0,18,1,5.0,7,0.0,1.0,1.0,1.0,0.0,1.0,Male,White
10,Freddy vs. Jason ,2003,2,10.0,18,1,5.0,4,0.0,3.0,2.0,0.0,0.0,0.0,Male,White
11,Friday the 13th Reboot,2009,2,9.0,9,1,5.0,5,0.0,1.0,1.0,1.0,0.0,1.0,Male,White
12,Scream,1996,2,7.0,5,1,7.0,2,0.0,1.0,1.0,0.0,0.0,0.0,Male,White
13,Scream 2,1997,2,7.0,6,1,7.0,4,0.0,2.0,1.0,0.0,0.0,0.0,Both,White
14,Scream 3,2000,2,7.0,6,1,7.0,4,0.0,2.0,1.0,0.0,0.0,0.0,Male,White
15,Scream 4,2011,2,7.0,5,2,8.0,10,0.0,1.0,1.0,0.0,0.0,0.0,Female,White
16,The Thing,1982,1,10.0,12,0,0.0,0,0.0,1.0,1.0,0.0,0.0,0.0,Male,Raceless
17,Night of the Living Dead,1968,1,6.0,4,1,2.0,4,1.0,1.0,1.0,0.0,0.0,0.0,Genderless,Raceless
18,Get Out,2017,1,7.0,5,1,5.0,3,2.0,3.0,2.0,1.0,0.0,0.0,Female,White
19,Child's Play,1988,1,6.0,5,1,3.0,1,0.0,1.0,1.0,0.0,0.0,0.0,Male,White
20,Child's Play 2,1990,1,5.0,5,1,3.0,3,0.0,1.0,1.0,0.0,0.0,0.0,Male,White
21,Stephen King's IT (1990 Miniseries),1990,3,8.0,1,1,4.0,8,0.0,1.0,1.0,0.0,0.0,0.0,Male,Native American
22,Child's Play 3,1991,1,6.0,8,1,2.0,0,0.0,1.0,1.0,0.0,0.0,0.0,Male,White
23,Bride of Chucky ,1998,1,6.0,10,1,3.0,4,0.0,1.0,1.0,0.0,0.0,0.0,Both,White
24,Seed of Chucky,2004,2,5.0,9,1,3.0,5,0.0,2.0,1.0,1.0,0.0,0.0,Both,White
25,Curse of Chucky,2013,1,4.0,6,1,5.0,4,0.0,1.0,1.0,0.0,0.0,0.0,Male,White
26,Cult of Chucky,2017,1,5.0,5,1,4.0,4,0.0,2.0,1.0,0.0,0.0,0.0,Male,White
27,You're Next,2011,2,6.0,10,1,5.0,5,0.0,1.0,1.0,0.0,0.0,0.0,Both,White
28,The Mist,2007,1,7.0,21,1,5.0,9,0.0,1.0,1.0,0.0,0.0,0.0,Genderless,Raceless
29,Trick 'r Treat,2007,2,7.0,16,2,6.0,4,0.0,1.0,0.0,0.0,0.0,0.0,Genderless,Raceless
30,Alien,1979,1,4.0,4,1,3.0,1,0.0,1.0,1.0,0.0,0.0,0.0,Male,Raceless
31,Aliens ,1986,1,7.0,10,2,4.0,5,0.0,1.0,1.0,0.0,0.0,0.0,Male,Raceless
32,Alien 3,1992,1,8.0,27,1,3.0,2,1.0,2.0,1.0,0.0,0.0,0.0,Male,Raceless
33,Thankskilling,2007,1,5.0,7,1,2.0,3,0.0,1.0,1.0,0.0,0.0,0.0,Male,Raceless
34,Alien Resurrection,1997,1,5.0,28,1,5.0,2,0.0,1.0,1.0,0.0,0.0,0.0,Male,Raceless
35,Jack Frost,1997,1,6.0,8,1,2.0,2,0.0,0.0,0.0,0.0,0.0,0.0,Male,Raceless
36,Jack Frost 2: Revenge of the Mutant Killer Snowman,2000,2,8.0,19,1,2.0,14,0.0,1.0,0.0,0.0,0.0,0.0,Male,Raceless
37,Black Christmas ,1974,1,6.0,2,3,12.0,5,0.0,0.0,0.0,0.0,0.0,0.0,Male,White
38,Black Christmas (2006 Remake),2006,0,5.0,7,5,7.0,11,1.0,1.0,0.0,0.0,0.0,0.0,Male,White
39,Krampus,2015,2,8.0,4,2,6.0,8,0.0,1.0,1.0,0.0,0.0,0.0,Male,White
40,New Year's Evil,1980,0,5.0,2,1,5.0,4,0.0,0.0,0.0,0.0,0.0,0.0,Male,White
41,Killer Klowns from Outer Space,1988,2,8.0,16,1,2.0,6,0.0,1.0,0.0,0.0,0.0,0.0,Male,Raceless
42,The Thing,2011,2,8.0,12,1,2.0,1,1.0,1.0,1.0,0.0,0.0,0.0,Genderless,Raceless
43,IT,2017,5,8.0,3,1,2.0,0,0.0,1.0,0.0,0.0,0.0,0.0,Male,Native American
44,A Nightmare on Elm Street,1984,1,5.0,2,1,4.0,2,0.0,1.0,1.0,0.0,0.0,0.0,Male,White
45,A Nightmare on Elm Street 2: Freddy's Revenge,1985,1,7.0,7,1,3.0,3,0.0,1.0,0.0,0.0,0.0,0.0,Male,White
46,A Nightmare on Elm Street 3: Dream Warriors,1987,2,7.0,3,3,4.0,3,1.0,1.0,1.0,1.0,0.0,0.0,Male,White
47,A Nightmare on Elm Street 4: The Dream Master,1988,1,5.0,4,2,6.0,3,0.0,1.0,1.0,0.0,0.0,0.0,Male,White
48,My Bloody Valentine,1981,2,6.0,11,1,3.0,5,0.0,0.0,0.0,0.0,0.0,0.0,Male,White
49,A Nightmare on Elm Street 5: The Dream Child,1989,1,6.0,2,1,4.0,1,0.0,0.0,0.0,0.0,0.0,0.0,Male,White
50,Freddy's Dead: The Final Nightmare,1991,1,5.0,5,1,3.0,1,0.0,1.0,0.0,0.0,0.0,0.0,Male,White
51,President's Day,2010,3,6.0,10,2,4.0,10,0.0,1.0,1.0,0.0,0.0,0.0,Male,White
52,Wes Craven's New Nightmare,1994,1,5.0,4,1,3.0,1,0.0,0.0,0.0,0.0,0.0,0.0,Male,White
53,Freddy vs. Jason,2003,2,9.0,18,1,4.0,5,0.0,1.0,1.0,0.0,0.0,0.0,Male,White
54,The Strangers,2008,1,2.0,2,1,3.0,0,0.0,0.0,0.0,0.0,0.0,0.0,Male,White
55,A Nightmare on Elm Street (2010 Remake) ,2010,1,6.0,3,1,4.0,2,0.0,1.0,0.0,0.0,0.0,0.0,Male,White
56,Leprechaun,1993,1,4.0,3,1,2.0,1,0.0,1.0,1.0,0.0,0.0,0.0,Male,White
57,The Belko Experiment,2016,2,12.0,49,1,5.0,35,0.0,3.0,2.0,0.0,0.0,0.0,Genderless,Raceless
58,Leprechaun 2,1994,2,6.0,6,1,3.0,0,0.0,1.0,1.0,0.0,0.0,0.0,Male,White
59,Sunny Family Cult (Crypt TV),2017,3,,10,1,,2,0.0,0.0,0.0,0.0,0.0,0.0,Both,White
60,Leprechaun 3,1993,2,6.0,7,1,2.0,1,0.0,0.0,0.0,1.0,0.0,0.0,Male,White
61,Leprechaun 4: In Space,1996,2,8.0,8,1,3.0,1,0.0,1.0,0.0,0.0,0.0,0.0,Male,White
62,Leprechaun in the Hood,2000,2,6.0,9,1,2.0,1,3.0,7.0,0.0,0.0,0.0,0.0,Male,White
63,Leprechaun: Back 2 Tha' Hood,2003,2,8.0,7,1,4.0,4,2.0,10.0,0.0,0.0,0.0,0.0,Male,White
64,Leprechaun: Origins,2014,1,6.0,5,1,3.0,2,0.0,0.0,0.0,0.0,0.0,0.0,Male,Raceless
65,Saw,2004,2,10.0,6,1,4.0,0,0.0,2.0,1.0,2.0,0.0,0.0,Male,White
66,Saw 2,2005,1,12.0,7,1,4.0,2,0.0,2.0,1.0,0.0,0.0,0.0,Male,White
67,Happy Death Day,2017,1,9.0,13,1,7.0,6,0.0,0.0,0.0,1.0,0.0,0.0,Female,White
68,Saw 3,2006,1,11.0,5,1,3.0,4,0.0,1.0,1.0,0.0,0.0,0.0,Both,White
69,Saw 4,2007,1,10.0,8,1,2.0,2,0.0,2.0,1.0,0.0,0.0,0.0,Male,White
70,Saw 5,2008,1,11.0,3,1,3.0,3,0.0,2.0,2.0,0.0,0.0,0.0,Male,White
71,Saw 6,2009,1,10.0,9,1,3.0,4,0.0,2.0,2.0,0.0,0.0,0.0,Both,White
72,Saw 3D,2010,2,18.0,19,1,10.0,7,0.0,2.0,1.0,1.0,0.0,0.0,Male,White
73,Jigsaw,2017,2,6.0,10,1,4.0,4,0.0,1.0,1.0,0.0,0.0,0.0,Male,White
74,The Purge,2013,2,13.0,11,2,3.0,3,0.0,2.0,0.0,0.0,0.0,0.0,Genderless,
75,The Purge: Anarchy,2014,3,15.0,54,2,4.0,6,1.0,3.0,0.0,0.0,0.0,0.0,Genderless,
76,The Purge: Ellection Year,2016,2,9.0,82,1,4.0,8,1.0,2.0,0.0,0.0,0.0,,Genderless,
77,Uncle Sam,1996,1,,15,0,,1,0.0,1.0,1.0,0.0,0.0,0.0,Male,White
78,Jurassic Park,1993,3,10.0,5,1,3.0,0,0.0,2.0,1.0,1.0,0.0,0.0,Genderless,Raceless
79,Never Hike Alone,2017,2,9.0,1,1,3.0,1,0.0,0.0,0.0,0.0,0.0,0.0,Male,White
80,The Lost World: Jurassic Park,1997,3,10.0,15,2,3.0,0,0.0,1.0,1.0,1.0,0.0,0.0,Genderless,Raceless
81,Unfriended,2014,3,6.0,3,3,3.0,3,0.0,0.0,0.0,0.0,0.0,0.0,Female,White
82,Jurassic Park 3,2001,2,10.0,6,1,3.0,0,0.0,0.0,0.0,0.0,0.0,0.0,Genderless,Raceless
83,Jurassic World,2015,2,10.0,22,1,2.0,1,0.0,1.0,1.0,0.0,0.0,0.0,Genderless,Raceless
84,Predator,1987,1,14.0,76,1,1.0,0,1.0,2.0,1.0,0.0,0.0,0.0,Male,Raceless
85,Predator 2,1990,2,19.0,44,1,1.0,1,0.0,0.0,0.0,0.0,0.0,0.0,Male,Raceless
86,Predators ,2010,5,8.0,13,1,1.0,0,1.0,1.0,1.0,1.0,1.0,1.0,Male,Raceless
87,Halloween,1978,2,10.0,2,1,6.0,3,0.0,0.0,0.0,0.0,0.0,0.0,Male,White
88,Cujo,1983,2,8.0,3,1,3.0,0,0.0,0.0,0.0,1.0,0.0,0.0,Male,Raceless
89,Halloween 2,1981,2,14.0,5,1,9.0,5,0.0,0.0,0.0,0.0,0.0,0.0,Male,White
90,Halloween III: Season of the Witch,1982,2,9.0,24,1,4.0,4,0.0,1.0,1.0,0.0,0.0,0.0,Male,White
91,Halloween 4: The Return of Michael Myers,1988,1,10.0,11,1,6.0,3,0.0,1.0,1.0,0.0,0.0,0.0,Male,White
92,Halloween 5: The Revenge of Michael Myers,1989,1,10.0,16,1,4.0,4,0.0,0.0,0.0,0.0,0.0,0.0,Male,White
93,Halloween: The Curse of Michael Myers,1995,2,15.0,10,1,8.0,7,0.0,1.0,1.0,1.0,0.0,0.0,Male,White
94,Halloween H20,1998,2,13.0,5,1,9.0,2,1.0,3.0,0.0,0.0,0.0,0.0,Male,White
95,Halloween: Resurrection,2002,2,6.0,6,1,3.0,4,1.0,1.0,1.0,0.0,0.0,0.0,Male,White
96,Suspiria ,1977,0,4.0,7,1,6.0,2,0.0,0.0,0.0,0.0,0.0,0.0,Female,White
97,Halloween II (2009 Version),2009,2,10.0,12,1,5.0,7,0.0,0.0,0.0,0.0,0.0,0.0,Male,White
98,Ice Cream Man,1995,1,10.0,7,0,4.0,2,0.0,0.0,0.0,0.0,0.0,0.0,Male,White
99,Frankenstein,1931,2,13.0,4,1,4.0,1,0.0,0.0,0.0,0.0,0.0,0.0,Male,Raceless
100,The Evil Dead 1981,1981,1,6.0,2,0,4.0,6,0.0,0.0,0.0,0.0,0.0,0.0,Genderless,Raceless
101,Evil Dead 2,1987,1,10.0,3,1,4.0,5,0.0,0.0,0.0,0.0,0.0,0.0,Genderless,Raceless
102,Army of Darkness,1992,1,8.0,34,0,2.0,4,0.0,1.0,0.0,0.0,0.0,0.0,Genderless,Raceless
103,Halloween (2007 Remake),2007,1,10.0,15,1,8.0,7,0.0,1.0,0.0,0.0,0.0,0.0,Male,White
104,Blood Rage,1987,1,13.0,7,1,9.0,4,0.0,0.0,0.0,0.0,0.0,0.0,Male,White
105,"Evil Dead (2013 ""Remake"")",2013,2,3.0,5,3,5.0,3,0.0,0.0,0.0,0.0,0.0,0.0,Genderless,Raceless
106,"Silent Night, Deadly Night",1984,1,,9,0,,4,0.0,1.0,1.0,0.0,0.0,0.0,Male,White
107,"Silent Night, Deadly Night Part 2",1987,1,,10,0,,2,0.0,0.0,0.0,0.0,0.0,0.0,Male,White
108,Unfriended: Dark Web,2018,3,3.0,6,3,3.0,3,1.0,1.0,1.0,1.0,1.0,1.0,Both,
109,"Silent Night, Deadly Night 3: Better Watch Out!",1989,1,3.0,5,1,3.0,3,0.0,0.0,0.0,0.0,0.0,0.0,Male,White
110,The Strangers: Prey at Night,2018,2,4.0,4,2,4.0,4,0.0,0.0,0.0,0.0,0.0,0.0,Both,
111,"Silent Night, Deadly Night 4: Initiation",1990,0,2.0,3,1,3.0,2,0.0,0.0,0.0,0.0,0.0,0.0,Male,White
112,Jurassic World: Fallen Kingdom,2018,2,11.0,18,2,5.0,1,0.0,2.0,0.0,1.0,0.0,0.0,Genderless,Raceless
113,"Silent Night, Deadly Night 5: The Toy Maker",1991,2,8.0,5,1,3.0,0,0.0,1.0,1.0,0.0,0.0,0.0,Male,Raceless
114,Silent Night,2012,2,10.0,11,1,10.0,6,0.0,2.0,2.0,1.0,0.0,0.0,Male,White
115,Santa's Slay,2005,2,9.0,26,1,6.0,15,0.0,1.0,0.0,0.0,0.0,0.0,Male,White
116,Terror Train,1980,2,11.0,9,1,3.0,1,0.0,2.0,0.0,0.0,0.0,0.0,Male,White
117,The Birds,1963,1,11.0,2,1,11.0,1,0.0,0.0,0.0,0.0,0.0,0.0,Genderless,Raceless
118,Bird Box,2018,2,3.0,18,1,4.0,7,1.0,1.0,0.0,1.0,0.0,0.0,Genderless,Raceless
119,Chopping Mall,1986,3,14.0,6,2,10.0,3,0.0,0.0,0.0,0.0,0.0,0.0,Male,Raceless
120,Halloween,2018,2,14.0,14,1,6.0,4,0.0,3.0,1.0,1.0,0.0,0.0,Male,White
121,Alien vs. Predator,2004,2,19.0,18,1,2.0,8,1.0,1.0,1.0,0.0,0.0,0.0,Male,Raceless
122,Aliens vs. Predator: Requiem,2007,2,19.0,23,1,7.0,8,0.0,1.0,1.0,1.0,0.0,0.0,Male,Raceless
123,My Bloody Valentine 3D,2009,2,14.0,18,1,10.0,10,0.0,1.0,1.0,0.0,0.0,0.0,Male,White
124,A Quiet Place,2018,2,6.0,3,1,4.0,1,0.0,0.0,0.0,0.0,0.0,0.0,Genderless,Raceless
125,Pet Sematary,1989,2,10.0,5,2,5.0,3,0.0,0.0,0.0,0.0,0.0,0.0,Genderless,Native American
126,Pet Sematary Two,1992,2,3.0,3,0,2.0,3,0.0,1.0,1.0,0.0,0.0,0.0,Genderless,Native American
127,The First Purge ,2018,3,,60,2,,12,3.0,5.0,2.0,0.0,0.0,0.0,Genderless,Raceless
128,A Bucket of Blood,1959,1,7.0,3,1,4.0,1,0.0,0.0,0.0,0.0,0.0,0.0,Male,White
129,Prometheus,2012,2,10.0,13,1,2.0,2,0.0,1.0,1.0,0.0,0.0,0.0,Genderless,Raceless
130,Leprechaun Returns,2018,0,2.0,4,1,5.0,2,0.0,1.0,1.0,0.0,0.0,0.0,Male,White
131,Alien: Covenant,2017,2,9.0,8,1,1.0,5,0.0,1.0,1.0,0.0,0.0,0.0,Genderless,Raceless
132,The Predator,2018,3,9.0,55,1,2.0,1,2.0,3.0,1.0,0.0,0.0,0.0,Male,Raceless
133,Demonic Toys,1992,2,10.0,4,1,4.0,1,0.0,1.0,1.0,0.0,0.0,0.0,Genderless,Raceless
134,The Texas Chain Saw Massacre,1974,4,10.0,5,2,2.0,1,0.0,0.0,0.0,0.0,0.0,0.0,Male,White
135,The Texas Chainsaw Massacre 2,1986,2,11.0,8,1,1.0,0,0.0,0.0,0.0,0.0,0.0,0.0,Male,White
136,Leatherface: Texas Chainsaw Massacre 3,1990,3,6.0,4,2,3.0,3,1.0,1.0,1.0,0.0,0.0,0.0,Male,White
137,Texas Chainsaw Massacre: The Next Generation,1995,2,6.0,5,1,3.0,1,0.0,0.0,0.0,0.0,0.0,0.0,Male,White
138,The Texas Chainsaw Massacre,2003,5,7.0,5,2,6.0,2,0.0,0.0,0.0,0.0,0.0,0.0,Male,White
139,The Texas Chainsaw Massacre: The Beginning,2006,2,10.0,7,2,4.0,4,0.0,1.0,1.0,0.0,0.0,0.0,Male,White
140,Texas Chainsaw 3D,2013,2,10.0,14,1,4.0,4,1.0,1.0,1.0,0.0,0.0,0.0,Male,White
141,Leatherface,2017,3,10.0,15,1,5.0,6,0.0,0.0,0.0,0.0,0.0,0.0,Male,White
142,Sleepaway Camp,1983,1,,9,1,,3,0.0,0.0,0.0,0.0,0.0,0.0,Female,White
143,Sleepaway Camp II: Unhappy Campers,1988,1,4.0,9,1,14.0,9,0.0,1.0,1.0,0.0,0.0,0.0,Female,White
144,Sleepaway Camp III: Teenage Wasteland,1989,1,6.0,9,1,6.0,7,0.0,2.0,2.0,1.0,0.0,1.0,Female,White
145,Happy Death Day 2U,2019,2,3.0,7,1,6.0,12,0.0,2.0,2.0,2.0,1.0,1.0,Male,White
146,Return to Sleepaway Camp,2008,0,10.0,9,1,8.0,2,0.0,1.0,0.0,1.0,0.0,1.0,Female,White
147,Terrifier,2016,2,14.0,6,2,10.0,4,0.0,1.0,1.0,1.0,0.0,0.0,Male,White
148,Jaws,1975,3,,3,0,,1,0.0,0.0,0.0,0.0,0.0,0.0,Genderless,Raceless
149,Us,2018,1,2.0,14,2,4.0,14,4.0,4.0,2.0,0.0,0.0,0.0,Female,Black
150,Jaws 2,1978,1,12.0,4,1,3.0,3,0.0,0.0,0.0,0.0,0.0,0.0,Genderless,Raceless
151,It Follows,2014,2,6.0,1,1,10.0,1,0.0,0.0,0.0,0.0,0.0,0.0,Genderless,Raceless
152,Jaws 3D,1983,2,6.0,5,1,8.0,0,1.0,1.0,0.0,0.0,0.0,0.0,Genderless,Raceless
153,The Babysitter,2017,1,5.0,6,0,4.0,2,0.0,1.0,1.0,0.0,0.0,0.0,Female,White
154,Jaws: The Revenge,1987,2,6.0,1,1,3.0,1,0.0,1.0,1.0,0.0,0.0,0.0,Genderless,Raceless
155,Hush,2016,0,3.0,2,1,3.0,1,0.0,0.0,0.0,0.0,0.0,0.0,Male,White
156,Final Destination,2000,3,14.0,3,1,8.0,2,0.0,2.0,0.0,0.0,0.0,0.0,Genderless,Raceless
157,Final Destination 2,2003,3,14.0,8,2,10.0,4,0.0,2.0,1.0,1.0,0.0,0.0,Genderless,Raceless
158,Final Destination 3,2006,2,11.0,15,1,11.0,14,0.0,1.0,1.0,2.0,0.0,0.0,Genderless,Raceless
159,The Final Destination,2009,3,9.0,6,2,7.0,4,1.0,1.0,1.0,0.0,0.0,0.0,Genderless,Raceless
160,Final Destination 5,2011,3,14.0,6,2,9.0,2,0.0,2.0,1.0,1.0,0.0,0.0,Genderless,Raceless
161,Re-Animator,1985,2,15.0,6,1,2.0,2,0.0,2.0,0.0,0.0,0.0,0.0,Male,White
162,Bride of Re-Animator,1990,2,10.0,6,1,5.0,4,0.0,1.0,1.0,0.0,0.0,0.0,Male,White
163,Beyond Re-Animator,2003,2,10.0,20,1,4.0,3,0.0,1.0,1.0,0.0,0.0,0.0,Male,White
164,The Descent,2005,0,2.0,9,6,6.0,6,0.0,0.0,0.0,0.0,0.0,0.0,Both,Raceless
165,The Descent Part 2,2009,0,2.0,13,1,7.0,4,0.0,1.0,1.0,0.0,0.0,0.0,Both,Raceless
166,Zombieland,2009,2,5.0,11,2,3.0,4,0.0,0.0,0.0,0.0,0.0,0.0,Both,Raceless
167,Candyman,1992,1,6.0,3,1,5.0,3,1.0,2.0,2.0,0.0,0.0,0.0,Male,Black
168,The Witch,2015,1,6.0,3,1,4.0,1,0.0,0.0,0.0,0.0,0.0,0.0,Female,White
169,Candyman: Farewell to the Flesh,1995,1,12.0,8,1,6.0,1,1.0,5.0,4.0,0.0,0.0,0.0,Male,Black
170,The Shining,1980,1,8.0,2,1,3.0,0,1.0,1.0,1.0,0.0,0.0,0.0,Male,White
171,Candyman 3: Day of the Dead,1999,2,11.0,9,1,9.0,7,1.0,2.0,1.0,0.0,0.0,0.0,Male,Black
172,The Dentist,1996,1,7.0,1,1,8.0,2,1.0,1.0,0.0,1.0,0.0,1.0,Male,White
173,The Dentist 2,1998,1,9.0,3,1,9.0,2,0.0,0.0,0.0,0.0,0.0,0.0,Male,White
174,Hell Fest,2018,3,6.0,3,3,5.0,3,1.0,1.0,0.0,0.0,0.0,0.0,Male,White
175,The Slumber Party Massacre,1982,0,5.0,6,5,10.0,6,0.0,1.0,0.0,0.0,0.0,0.0,Male,White
176,Slumber Party Massacre II,1987,1,6.0,4,4,5.0,3,0.0,0.0,0.0,0.0,0.0,0.0,Male,White
177,Slumber Party Massacre III,1990,0,9.0,6,4,8.0,6,0.0,1.0,0.0,0.0,0.0,0.0,Male,White
178,The Banana Splits,2019,2,13.0,8,2,9.0,1,1.0,3.0,1.0,1.0,0.0,0.0,Female,Asian
179,Home Sweet Home,1981,0,6.0,5,2,7.0,4,0.0,0.0,0.0,0.0,0.0,0.0,Male,White
180,Child's Play (2019 Remake),2019,2,9.0,6,1,5.0,1,1.0,3.0,1.0,1.0,0.0,0.0,Male,White
181,Brightburn,2019,1,4.0,3,1,3.0,3,0.0,1.0,1.0,0.0,0.0,0.0,Male,White
182,Ready or Not,2019,1,7.0,8,1,6.0,7,0.0,1.0,1.0,0.0,0.0,0.0,Both,White
183,It: Chapter Two,2019,5,14.0,6,1,3.0,1,1.0,3.0,1.0,0.0,0.0,0.0,Male,Native American
184,Better Watch Out,2016,2,5.0,3,1,2.0,1,0.0,0.0,0.0,0.0,0.0,0.0,Male,White
185,The Cabin in the Woods,2012,2,7.0,42,2,6.0,8,1.0,1.0,0.0,0.0,0.0,0.0,Genderless,Raceless
186,Society,1989,1,13.0,2,0,3.0,0,0.0,1.0,1.0,0.0,0.0,0.0,Both,Raceless
187,Sweeney Todd: The Demon Barber of Fleet Street,2007,2,8.0,9,1,4.0,2,0.0,0.0,0.0,0.0,0.0,0.0,Both,White
188,Valentine,2001,3,7.0,6,3,6.0,3,0.0,1.0,0.0,0.0,0.0,0.0,Male,White
189,Scary Stories to Tell in the Dark,2019,2,6.0,4,2,5.0,0,1.0,2.0,0.0,0.0,0.0,0.0,Male,Raceless
190,Mandy,2018,1,7.0,9,1,2.0,4,0.0,1.0,1.0,0.0,0.0,0.0,Male,White
191,[•REC],2007,1,4.0,10,1,4.0,6,0.0,1.0,1.0,0.0,0.0,0.0,Genderless,Raceless
192,Quarantine,2008,1,7.0,14,1,5.0,9,0.0,1.0,1.0,0.0,0.0,0.0,Genderless,Raceless
193,Evil Bong,2006,3,7.0,3,1,3.0,1,1.0,2.0,1.0,1.0,1.0,0.0,Female,White
194,Upgrade,2018,1,9.0,12,1,2.0,3,0.0,2.0,1.0,1.0,0.0,1.0,Male,White
195,The Mutilator,1984,4,8.0,5,0,2.0,3,0.0,2.0,0.0,1.0,0.0,0.0,Male,White
196,Sinister ,2012,1,12.0,10,1,5.0,10,0.0,2.0,0.0,0.0,0.0,0.0,Male,White
197,Bloody Birthday,1981,2,8.0,4,2,7.0,4,0.0,1.0,0.0,0.0,0.0,0.0,Male,White
198,Sinister 2,2015,1,10.0,11,1,3.0,10,0.0,1.0,0.0,0.0,0.0,0.0,Male,White
199,Ma,2019,2,7.0,3,2,6.0,2,1.0,2.0,2.0,1.0,0.0,0.0,Female,Black
200,Carrie,1976,2,3.0,6,1,10.0,5,0.0,0.0,0.0,0.0,0.0,0.0,Female,White
201,Tourist Trap,1979,3,4.0,3,3,3.0,3,0.0,1.0,1.0,0.0,0.0,0.0,Male,White
202,The Rage: Carrie 2,1999,1,10.0,13,1,10.0,13,0.0,1.0,0.0,0.0,0.0,0.0,Female,White
203,Carrie,2002,0,7.0,4,1,13.0,3,0.0,1.0,0.0,0.0,0.0,0.0,Female,White
204,Carrie ,2013,2,5.0,13,1,11.0,9,0.0,2.0,0.0,0.0,0.0,0.0,Female,White
205,Christine ,1983,2,15.0,7,1,4.0,0,0.0,1.0,0.0,0.0,0.0,0.0,Genderless,Raceless
206,I Know What You Did Last Summer,1997,2,10.0,4,2,9.0,2,0.0,0.0,0.0,0.0,0.0,0.0,Male,White
207,I Still Know What You Did Last Summer,1998,2,8.0,8,2,7.0,2,1.0,2.0,0.0,0.0,0.0,0.0,Male,White
208,I'll Always Know What You Did Last Summer,2006,3,8.0,5,2,4.0,1,0.0,0.0,0.0,0.0,0.0,0.0,Male,White
209,Come to Daddy,2019,1,7.0,3,0,2.0,0,0.0,1.0,1.0,1.0,0.0,0.0,Male,White
210,Wrong Turn,2003,3,10.0,6,3,8.0,3,0.0,1.0,0.0,0.0,0.0,0.0,Male,White
211,Wrong Turn 2: Dead End,2007,3,14.0,7,3,7.0,6,1.0,1.0,1.0,1.0,0.0,0.0,Male,White
212,Wrong Turn 3: Left for Dead,2009,3,11.0,13,2,4.0,2,0.0,1.0,1.0,0.0,0.0,0.0,Male,White
213,Wrong Turn 4: Bloody Beginnings,2011,3,9.0,6,5,10.0,7,1.0,1.0,1.0,1.0,1.0,1.0,Male,White
214,Wrong Turn 5: Bloodlines,2012,3,13.0,7,3,6.0,3,0.0,0.0,0.0,0.0,0.0,0.0,Male,White
215,Bones ,2001,1,36.0,11,0,16.0,2,1.0,49.0,16.0,0.0,0.0,0.0,Male,Black
216,Wrong Turn VI: Last Resort,2014,2,11.0,7,2,5.0,4,0.0,1.0,1.0,0.0,0.0,0.0,Male,White
217,[•REC]²,2009,5,5.0,13,0,3.0,0,0.0,0.0,0.0,0.0,0.0,0.0,Genderless,Raceless
218,[•REC]³,2012,2,6.0,58,2,6.0,30,0.0,0.0,0.0,0.0,0.0,0.0,Genderless,Raceless
219,[•REC]⁴,2014,2,6.0,40,1,5.0,1,0.0,0.0,0.0,0.0,0.0,0.0,Genderless,Raceless
220,Quarantine 2: Terminal,2011,2,19.0,13,1,16.0,7,0.0,2.0,1.0,0.0,0.0,0.0,Genderless,Raceless
221,House of 1000 Corpses,2003,2,14.0,7,2,4.0,7,0.0,2.0,0.0,0.0,0.0,0.0,Male,White
222,The Devil's Rejects,2005,3,19.0,12,1,9.0,8,0.0,1.0,1.0,0.0,0.0,0.0,Both,White
223,3 From Hell,2019,2,15.0,32,1,10.0,9,0.0,2.0,1.0,1.0,0.0,0.0,Both,White
224,The Babysitter: Killer Queen,2020,1,13.0,10,2,11.0,8,0.0,1.0,0.0,0.0,0.0,0.0,Female,White
225,Tucker & Dale vs. Evil,2010,2,14.0,9,1,7.0,4,0.0,1.0,1.0,0.0,0.0,0.0,Male,White
226,Tales from the Hood,1995,3,17.0,13,2,7.0,0,5.0,23.0,8.0,0.0,0.0,0.0,Male,Black
227,Tales from the Hood 2,2018,3,15.0,10,2,8.0,3,5.0,20.0,7.0,0.0,0.0,0.0,Male,Black
228,The Lighthouse ,2019,2,5.0,4,2,0.0,0,0.0,0.0,0.0,0.0,0.0,0.0,Male,White
229,The Prowler,1981,1,12.0,4,1,8.0,4,0.0,0.0,0.0,0.0,0.0,0.0,Male,White
230,Blood Quantum,2019,2,13.0,22,2,8.0,9,0.0,0.0,0.0,0.0,0.0,0.0,Genderless,Raceless
231,Countdown,2019,1,12.0,2,2,8.0,3,0.0,2.0,1.0,1.0,0.0,1.0,Genderless,Raceless
232,The Invisible Man,1933,1,14.0,5,1,5.0,0,0.0,0.0,0.0,0.0,0.0,0.0,Male,White
233,The Invisible Man,2020,1,12.0,4,2,7.0,1,2.0,4.0,1.0,0.0,0.0,0.0,Male,White
234,Never Hike in the Snow,2020,1,6.0,2,0,2.0,0,0.0,0.0,0.0,0.0,0.0,0.0,Male,White
235,#Alive,2020,1,10.0,20,1,3.0,15,0.0,0.0,0.0,13.0,2.0,0.0,Genderless,Raceless
236,Hereditary,2018,1,7.0,1,2,5.0,3,0.0,1.0,0.0,0.0,0.0,0.0,Male,Raceless
237,Idle Hands,1999,1,10.0,11,1,4.0,5,0.0,1.0,1.0,0.0,0.0,0.0,Male,White
238,Basket Case,1982,1,8.0,4,1,3.0,3,0.0,1.0,1.0,0.0,0.0,0.0,Genderless,Raceless
239,Basket Case 2,1990,1,9.0,5,1,4.0,1,0.0,0.0,0.0,0.0,0.0,0.0,Both,Raceless
240,Basket Case 3: The Progeny,1991,1,10.0,6,1,5.0,1,0.0,0.0,0.0,0.0,0.0,0.0,Female,Raceless
241,Pilgrim,2019,1,6.0,10,1,3.0,4,0.0,0.0,0.0,0.0,0.0,0.0,Both,White
242,The Hunt,2020,1,13.0,16,1,7.0,6,0.0,2.0,1.0,0.0,0.0,0.0,Both,Raceless
243,Tales From the Hood 3,2020,5,,9,2,8.0,3,5.0,12.0,3.0,2.0,1.0,0.0,Male,Black
244,Truth or Dare,2018,2,6.0,5,3,6.0,3,0.0,2.0,1.0,2.0,1.0,1.0,Genderless,Raceless
245,Jennifer's Body,2009,0,5.0,11,2,7.0,4,0.0,1.0,0.0,0.0,0.0,0.0,Female,White
246,Black Christmas,2019,0,3.0,22,4,4.0,5,1.0,2.0,1.0,0.0,0.0,0.0,Male,Raceless
247,Doctor Sleep,2019,2,12.0,12,2,9.0,6,1.0,1.0,1.0,0.0,0.0,0.0,Female,White
248,Bloody New Year,1987,3,9.0,6,3,5.0,4,0.0,0.0,0.0,0.0,0.0,0.0,Both,Raceless
249,Zombieland: Double Tap,2019,2,4.0,64,2,4.0,17,1.0,1.0,0.0,0.0,0.0,0.0,Genderless,Raceless
250,Spree,2020,1,7.0,8,1,4.0,4,1.0,2.0,1.0,1.0,0.0,0.0,Male,White
251,Def by Temptation,1990,1,6.0,15,1,4.0,2,2.0,9.0,1.0,0.0,0.0,0.0,Both,Raceless
252,Freaky ,2020,1,6.0,8,1,4.0,3,1.0,2.0,1.0,0.0,0.0,0.0,Female,White
253,Tammy and the T-Rex,1994,1,6.0,9,1,3.0,1,0.0,0.0,0.0,0.0,0.0,0.0,Male,Raceless
254,Wrong Turn ,2021,1,7.0,13,1,5.0,2,1.0,2.0,1.0,0.0,0.0,0.0,Both,Raceless
255,12 Hour Shift,2020,1,6.0,5,1,5.0,0,,,,,,,Male,White
256,Pieces ,1982,1,10.0,6,1,5.0,1,0.0,1.0,1.0,1.0,0.0,1.0,Male,White
257,Thirteen Ghosts,2001,2,6.0,10,1,3.0,2,0.0,1.0,1.0,0.0,0.0,0.0,Male,White
258,Mortal Kombat: Annihilation,1997,2,14.0,17,1,6.0,3,1.0,2.0,1.0,5.0,2.0,1.0,Genderless,Raceless
259,Host ,2020,2,3.0,6,6,6.0,2,1.0,2.0,1.0,0.0,0.0,0.0,Genderless,Raceless
260,Mortal Kombat,1995,4,10.0,11,2,3.0,0,1.0,1.0,0.0,5.0,2.0,1.0,Genderless,Raceless
261,A Bay of Blood,1971,2,8.0,7,2,5.0,6,0.0,0.0,0.0,0.0,0.0,0.0,Both,White
262,Happy Birthday to Me,1981,1,7.0,6,1,5.0,3,0.0,0.0,0.0,0.0,0.0,0.0,Male,White
263,Shaun of the Dead,2004,2,10.0,10,2,6.0,3,0.0,1.0,0.0,0.0,0.0,0.0,Genderless,Raceless
264,Dawn of the Dead,1978,2,6.0,22,1,4.0,1,1.0,1.0,0.0,0.0,0.0,0.0,Genderless,Raceless
265,Escape Room,2019,2,6.0,9,2,4.0,4,0.0,0.0,0.0,1.0,1.0,1.0,Genderless,Raceless
266,Day of the Dead,1985,2,8.0,10,1,2.0,0,0.0,1.0,1.0,0.0,0.0,0.0,Genderless,Raceless
267,Midsommar ,2019,1,6.0,8,2,8.0,4,0.0,0.0,0.0,0.0,0.0,0.0,Both,White
268,Behind the Mask: The Rise of Leslie Vernon,2006,2,7.0,6,1,5.0,4,0.0,0.0,0.0,0.0,0.0,0.0,Male,White
269,Cooties,2014,2,9.0,9,1,7.0,10,0.0,1.0,1.0,0.0,0.0,0.0,Genderless,Raceless
270,Don't Breathe,2016,1,5.0,2,1,2.0,1,0.0,0.0,0.0,0.0,0.0,0.0,Male,White
271,Fear Street Part 1: 1994,2021,2,7.0,10,2,8.0,4,1.0,1.0,0.0,0.0,0.0,0.0,Genderless,Raceless
272,Fear Street Part 2: 1978,2021,2,7.0,6,2,6.0,6,0.0,0.0,0.0,0.0,0.0,0.0,Genderless,Raceless
273,Fear Street Part 3: 1666,2021,2,8.0,10,2,8.0,10,0.0,0.0,0.0,0.0,0.0,0.0,Genderless,Raceless
274,Revenge ,2017,2,4.0,3,1,2.0,0,0.0,0.0,0.0,0.0,0.0,0.0,Male,White
275,Benny Loves You,2019,1,4.0,10,0,2.0,8,0.0,0.0,0.0,0.0,0.0,0.0,Genderless,Raceless
276,Spiral: From the Book of Saw,2021,2,8.0,7,1,4.0,1,2.0,2.0,0.0,0.0,0.0,0.0,Male,White
277,A Quiet Place Part II,2020,2,6.0,24,2,4.0,8,1.0,1.0,1.0,0.0,0.0,0.0,Genderless,Raceless
278,Spookies,1986,3,10.0,6,2,5.0,5,0.0,0.0,0.0,0.0,0.0,0.0,Genderless,Raceless
279,Hellraiser ,1987,2,7.0,6,1,4.0,1,0.0,0.0,0.0,0.0,0.0,0.0,Both,Raceless
280,Hellbound: Hellraiser II,1988,2,9.0,18,2,6.0,11,0.0,0.0,0.0,0.0,0.0,0.0,Both,Raceless
281,ThanksKilling 3,2012,2,6.0,10,1,3.0,4,0.0,0.0,0.0,1.0,0.0,0.0,Male,Raceless
282,Hellraiser: Bloodline,1996,1,14.0,14,1,6.0,2,0.0,1.0,1.0,0.0,0.0,0.0,Both,Raceless
283,Mortal Kombat,2021,3,12.0,28,1,6.0,3,1.0,1.0,0.0,5.0,3.0,1.0,Genderless,Raceless
284,Stitches ,2012,1,6.0,5,1,5.0,1,0.0,0.0,0.0,0.0,0.0,0.0,Male,Raceless
285,Candyman,2021,1,6.0,9,1,5.0,8,2.0,4.0,1.0,0.0,0.0,0.0,Male,Black
286,Christmas Evil,1980,1,7.0,3,0,6.0,1,0.0,0.0,0.0,0.0,0.0,0.0,Male,White
287,American Psycho,2000,1,19.0,8,0,15.0,8,0.0,3.0,1.0,3.0,0.0,0.0,Male,White
288,American Psycho 2: All American Girl,2002,0,6.0,6,1,6.0,5,0.0,1.0,1.0,0.0,0.0,0.0,Female,White
289,Slither,2006,1,6.0,52,1,5.0,37,0.0,1.0,1.0,0.0,0.0,0.0,Genderless,Raceless
290,Deathgasm ,2015,1,5.0,29,1,3.0,8,0.0,0.0,0.0,0.0,0.0,0.0,Both,Raceless
291,Halloween Kills,2021,2,,17,2,,5,0.0,1.0,0.0,0.0,0.0,0.0,Male,White
292,Pontypool,2008,1,,12,2,2.0,15,,,,,,,Male,White
293,Texas Chainsaw Massacre,2022,2,5.0,15,2,5.0,16,1.0,1.0,1.0,0.0,0.0,0.0,Male,White
294,Would You Rather ,2012,1,10.0,7,1,3.0,2,0.0,1.0,1.0,0.0,0.0,0.0,Male,White
295,Dracula,1931,2,7.0,2,1,2.0,2,0.0,0.0,0.0,0.0,0.0,0.0,Male,White
296,Blacula ,1972,2,6.0,17,2,3.0,8,2.0,3.0,0.0,0.0,0.0,0.0,Male,Black
297,Don't Breathe 2,2021,1,2.0,9,1,2.0,2,0.0,0.0,0.0,0.0,0.0,0.0,Male,White
298,Orphan ,2009,2,5.0,2,1,3.0,1,0.0,0.0,0.0,0.0,0.0,0.0,Female,White
299,Wolf Creek,2005,3,3.0,2,0,0.0,3,0.0,0.0,0.0,0.0,0.0,0.0,Male,White
300,X,2022,2,5.0,5,3,5.0,3,1.0,1.0,1.0,0.0,0.0,0.0,Both,White
301,The Wolf Man,1941,2,6.0,3,1,2.0,1,0.0,0.0,0.0,0.0,0.0,0.0,Male,White
302,Haunt ,2019,2,5.0,6,2,3.0,5,0.0,0.0,0.0,0.0,0.0,0.0,Male,White
303,Willy's Wonderland ,2021,1,1.0,22,0,0.0,11,0.0,0.0,0.0,0.0,0.0,0.0,Both,Raceless
304,The Black Phone,2021,1,14.0,7,1,4.0,0,0.0,1.0,0.0,3.0,0.0,0.0,Male,White
305,Black Friday,2021,2,13.0,13,1,3.0,12,0.0,1.0,0.0,0.0,0.0,0.0,Genderless,Raceless
306,Bodies Bodies Bodies,2022,2,3.0,2,3,4.0,3,1.0,1.0,1.0,1.0,0.0,0.0,,
307,Malignant ,2021,1,4.0,22,1,4.0,24,0.0,0.0,0.0,0.0,0.0,0.0,Male,Raceless
308,Prey ,2022,0,3.0,31,1,1.0,0,0.0,0.0,0.0,0.0,0.0,0.0,Male,Raceless
309,The Tripper  ,2006,2,8.0,23,1,3.0,6,1.0,4.0,2.0,1.0,0.0,0.0,Male,White
310,Scream ,2022,2,6.0,5,3,6.0,3,2.0,2.0,1.0,1.0,0.0,0.0,Male,White
311,The Collector,2009,1,6.0,5,0,3.0,3,0.0,1.0,1.0,1.0,0.0,0.0,Male,White
312,The Collection,2012,1,6.0,32,1,4.0,43,0.0,1.0,1.0,1.0,0.0,1.0,Male,White
313,Bones and All,2022,1,4.0,5,1,5.0,2,1.0,7.0,1.0,0.0,0.0,0.0,Male,White
314,Urban Legend,1998,2,8.0,7,2,5.0,3,1.0,1.0,0.0,0.0,0.0,0.0,Female,White
315,Urban Legends: Final Cut,2000,2,8.0,4,3,5.0,3,0.0,0.0,0.0,0.0,0.0,0.0,Male,White
316,Urban Legends: Bloody Mary,2005,2,6.0,5,2,4.0,2,0.0,1.0,1.0,0.0,0.0,0.0,Female,White
317,Winnie the Pooh: Blood and Honey,2023,3,6.0,4,2,4.0,8,0.0,0.0,0.0,0.0,0.0,0.0,Male,Raceless
318,The Meg,2018,3,7.0,18,1,3.0,2,1.0,1.0,0.0,4.0,1.0,1.0,Female,Raceless
319,Hostel ,2005,3,10.0,15,1,4.0,8,0.0,0.0,0.0,2.0,1.0,1.0,Both,Raceless
320,Hostel: Part II,2007,0,7.0,13,3,6.0,6,0.0,0.0,0.0,0.0,0.0,0.0,Male,White
321,Hostel: Part III,2011,2,8.0,10,2,6.0,3,0.0,1.0,0.0,0.0,1.0,1.0,Both,Raceless
322,Cronos ,1993,2,5.0,10,1,3.0,0,0.0,0.0,0.0,0.0,0.0,0.0,Male,White
323,The Blair Witch Project,1999,2,3.0,2,1,4.0,1,0.0,0.0,0.0,0.0,0.0,0.0,Female,Raceless
324,The Toxic Avenger,1984,1,6.0,18,1,2.0,3,0.0,0.0,0.0,0.0,0.0,0.0,Male,White
325,Talk to Me,2022,2,6.0,1,1,3.0,2,0.0,0.0,0.0,0.0,0.0,0.0,Both,Raceless
326,Dylan's New Nightmare,2023,2,5.0,1,1,5.0,2,0.0,0.0,0.0,1.0,0.0,0.0,Male,White
327,Terrifier 2,2022,1,6.0,15,2,5.0,12,0.0,0.0,0.0,0.0,0.0,0.0,Male,White
328,Never Hike Alone 2,2023,2,6.0,7,1,3.0,5,0.0,0.0,0.0,0.0,0.0,0.0,Male,White
329,Saw X,2023,2,8.0,2,1,3.0,2,0.0,1.0,0.0,0.0,0.0,0.0,Female,White
330,Ring [Ringu],1998,1,12.0,3,1,9.0,4,0.0,0.0,0.0,21.0,2.0,4.0,Female,Asian
331,Orphan: First Kill,2022,0,7.0,5,1,9.0,2,0.0,3.0,1.0,0.0,0.0,0.0,Female,White
332,Hell House LLC,2015,3,11.0,10,2,6.0,7,0.0,1.0,1.0,1.0,0.0,0.0,Genderless,Raceless
333,Evil Dead Rise,2023,1,10.0,7,2,8.0,5,0.0,1.0,1.0,2.0,0.0,0.0,Female,White
334,The Menu,2022,2,10.0,24,1,6.0,11,0.0,1.0,0.0,2.0,0.0,1.0,Male,White
335,Smile ,2022,1,7.0,2,1,8.0,3,0.0,1.0,1.0,1.0,0.0,0.0,Genderless,Raceless
336,Five Nights at Freddys,2023,1,8.0,5,1,3.0,3,0.0,1.0,1.0,1.0,0.0,0.0,Male,White
337,Nope,2022,2,7.0,37,1,5.0,24,2.0,3.0,0.0,2.0,1.0,1.0,Genderless,Raceless
338,M3GAN,2023,0,4.0,4,2,7.0,3,0.0,1.0,1.0,1.0,0.0,0.0,Female,White
339,Lisa Frankenstein,2024,1,4.0,2,1,4.0,3,0.0,0.0,0.0,1.0,0.0,0.0,Female,White
340,Totally Killer,2023,1,5.0,3,2,5.0,4,0.0,1.0,1.0,2.0,0.0,0.0,Male,White
341,Pearl ,2022,0,3.0,2,1,4.0,2,0.0,0.0,0.0,0.0,0.0,0.0,Female,White
342,Immaculate,2024,0,3.0,2,1,4.0,5,0.0,1.0,0.0,0.0,0.0,0.0,Male,White
343,Influencer ,2023,1,5.0,1,1,5.0,1,0.0,0.0,0.0,0.0,0.0,0.0,Female,Asian
344,MaXXXine,2024,0,3.0,3,1,5.0,3,0.0,0.0,0.0,1.0,0.0,0.0,Female,White
